{
  "parent_accuracy": 0.9135408353285448,
  "parent_micro_precision": 0.9156914893617021,
  "parent_micro_recall": 0.9159350891194467,
  "parent_micro_f1": 0.9158132730416279,
  "parent_macro_precision": 0.9171020675906715,
  "parent_macro_recall": 0.9103988225348029,
  "parent_macro_f1": 0.9132803852120689,
  "child_accuracy": 0.8088587390263368,
  "child_micro_precision": 0.858334491867093,
  "child_micro_recall": 0.8212290502793296,
  "child_micro_f1": 0.8393718985792944,
  "child_macro_precision": 0.8507173963627783,
  "child_macro_recall": 0.8105461856663343,
  "child_macro_f1": 0.8267199695939469,
  "parent_acc_argmax": 0.9154030327214685,
  "parent_micro_f1_argmax": 0.9154030327214685,
  "parent_micro_precision_argmax": 0.9154030327214685,
  "parent_micro_recall_argmax": 0.9154030327214685,
  "parent_macro_f1_argmax": 0.9130650376046816,
  "parent_macro_precision_argmax": 0.9169801806174828,
  "parent_macro_recall_argmax": 0.910148620644538,
  "child_acc_argmax": 0.8300079808459697,
  "child_micro_f1_argmax": 0.8300079808459697,
  "child_micro_precision_argmax": 0.8300079808459697,
  "child_micro_recall_argmax": 0.8300079808459697,
  "child_macro_f1_argmax": 0.8195537854933179,
  "child_macro_precision_argmax": 0.8268819087441911,
  "child_macro_recall_argmax": 0.8192117548785696,
  "overall_micro_f1": 0.8780127063094558,
  "overall_macro_f1": 0.8310172951920097,
  "overall_accuracy": 0.8031391327480712,
  "overall_micro_precision": 0.8876503772174268,
  "overall_micro_recall": 0.8685820696993881,
  "overall_macro_precision": 0.8540130892606169,
  "overall_macro_recall": 0.8155034087732796,
  "hierarchical_consistency": 0.9374833732375631,
  "training_mode_level_0_accuracy": 0.9135408353285448,
  "training_mode_level_0_precision": 0.9156914893617021,
  "training_mode_level_0_recall": 0.9159350891194467,
  "training_mode_level_0_micro_f1": 0.9158132730416279,
  "training_mode_level_0_macro_f1": 0.9132803852120689,
  "training_mode_level_0_macro_precision": 0.9171020675906715,
  "training_mode_level_0_macro_recall": 0.9103988225348029,
  "training_mode_level_0_avg_true_labels": 1.0,
  "training_mode_level_0_avg_pred_labels": 1.000266028198989,
  "training_mode_level_1_accuracy": 0.8088587390263368,
  "training_mode_level_1_precision": 0.858334491867093,
  "training_mode_level_1_recall": 0.8212290502793296,
  "training_mode_level_1_micro_f1": 0.8393718985792944,
  "training_mode_level_1_macro_f1": 0.8267199695939469,
  "training_mode_level_1_macro_precision": 0.8507173963627783,
  "training_mode_level_1_macro_recall": 0.8105461856663343,
  "training_mode_level_1_avg_true_labels": 1.0,
  "training_mode_level_1_avg_pred_labels": 0.9567704176642724,
  "training_mode_overall_accuracy": 0.8031391327480712,
  "training_mode_overall_precision": 0.8876503772174268,
  "training_mode_overall_recall": 0.8685820696993881,
  "training_mode_overall_micro_f1": 0.8780127063094558,
  "training_mode_overall_macro_f1": 0.8310172951920097,
  "training_mode_overall_macro_precision": 0.8540130892606169,
  "training_mode_overall_macro_recall": 0.8155034087732796,
  "training_mode_overall_avg_true_labels": 2.0,
  "training_mode_overall_avg_pred_labels": 1.9570364458632614,
  "inference_mode_level_0_accuracy": 0.9135408353285448,
  "inference_mode_level_0_precision": 0.9156914893617021,
  "inference_mode_level_0_recall": 0.9159350891194467,
  "inference_mode_level_0_micro_f1": 0.9158132730416279,
  "inference_mode_level_0_macro_f1": 0.9132803852120689,
  "inference_mode_level_0_macro_precision": 0.9171020675906715,
  "inference_mode_level_0_macro_recall": 0.9103988225348029,
  "inference_mode_level_0_avg_true_labels": 1.0,
  "inference_mode_level_0_avg_pred_labels": 1.000266028198989,
  "inference_mode_level_1_accuracy": 0.8054003724394786,
  "inference_mode_level_1_precision": 0.8594231307756931,
  "inference_mode_level_1_recall": 0.816440542697526,
  "inference_mode_level_1_micro_f1": 0.8373806275579809,
  "inference_mode_level_1_macro_f1": 0.8237214352144319,
  "inference_mode_level_1_macro_precision": 0.8506920456939808,
  "inference_mode_level_1_macro_recall": 0.805396183429315,
  "inference_mode_level_1_avg_true_labels": 1.0,
  "inference_mode_level_1_avg_pred_labels": 0.9499866985900506,
  "inference_mode_overall_accuracy": 0.8034051609470604,
  "inference_mode_overall_precision": 0.8882826353839858,
  "inference_mode_overall_recall": 0.8661878159084863,
  "inference_mode_overall_micro_f1": 0.8770961007475251,
  "inference_mode_overall_macro_f1": 0.8281676242214068,
  "inference_mode_overall_macro_precision": 0.8539889971356605,
  "inference_mode_overall_macro_recall": 0.8106090804061831,
  "inference_mode_overall_avg_true_labels": 2.0,
  "inference_mode_overall_avg_pred_labels": 1.9502527267890397,
  "unified_accuracy": 0.8040702314445332,
  "unified_precision": 0.8855417599565778,
  "unified_recall": 0.86805001330141,
  "unified_micro_f1": 0.8767086481947943,
  "unified_macro_f1": 0.829243140198202,
  "unified_macro_precision": 0.8513354678086651,
  "unified_macro_recall": 0.8147975423227196,
  "unified_avg_true_labels": 2.0,
  "unified_avg_pred_labels": 1.9604948124501198,
  "eval_threshold": 0.5,
  "train_loss": 0.005351380173437684,
  "epoch": 14,
  "epoch_time": 182.32692670822144,
  "selection_metric": "unified_macro_f1",
  "selection_metric_value": 0.829243140198202
}