{
  "parent_accuracy": 0.9156690609204575,
  "parent_micro_precision": 0.9169545575338826,
  "parent_micro_recall": 0.9179303006118649,
  "parent_micro_f1": 0.9174421696357352,
  "parent_macro_precision": 0.9195540881511356,
  "parent_macro_recall": 0.917999974800319,
  "parent_macro_f1": 0.9186694668446406,
  "child_accuracy": 0.8055333865389731,
  "child_micro_precision": 0.8531332499652633,
  "child_micro_recall": 0.816706570896515,
  "child_micro_f1": 0.834522595990486,
  "child_macro_precision": 0.8458797563910091,
  "child_macro_recall": 0.8069829811770142,
  "child_macro_f1": 0.8218021855917041,
  "parent_acc_argmax": 0.9172652301143921,
  "parent_micro_f1_argmax": 0.9172652301143921,
  "parent_micro_precision_argmax": 0.9172652301143921,
  "parent_micro_recall_argmax": 0.9172652301143921,
  "parent_macro_f1_argmax": 0.918512686375582,
  "parent_macro_precision_argmax": 0.9200390638164,
  "parent_macro_recall_argmax": 0.9172245775591071,
  "child_acc_argmax": 0.8242883745677042,
  "child_micro_f1_argmax": 0.8242883745677042,
  "child_micro_precision_argmax": 0.8242883745677042,
  "child_micro_recall_argmax": 0.8242883745677042,
  "child_macro_f1_argmax": 0.8134771924581202,
  "child_macro_precision_argmax": 0.8209052054967529,
  "child_macro_recall_argmax": 0.8136608528482687,
  "overall_micro_f1": 0.8764407406162842,
  "overall_macro_f1": 0.8266111995546159,
  "overall_accuracy": 0.8006118648576749,
  "overall_micro_precision": 0.8857569788765877,
  "overall_micro_recall": 0.86731843575419,
  "overall_macro_precision": 0.8495373473294551,
  "overall_macro_recall": 0.8124944631299442,
  "hierarchical_consistency": 0.9388135142325087,
  "training_mode_level_0_accuracy": 0.9156690609204575,
  "training_mode_level_0_precision": 0.9169545575338826,
  "training_mode_level_0_recall": 0.9179303006118649,
  "training_mode_level_0_micro_f1": 0.9174421696357352,
  "training_mode_level_0_macro_f1": 0.9186694668446406,
  "training_mode_level_0_macro_precision": 0.9195540881511356,
  "training_mode_level_0_macro_recall": 0.917999974800319,
  "training_mode_level_0_avg_true_labels": 1.0,
  "training_mode_level_0_avg_pred_labels": 1.0010641127959563,
  "training_mode_level_1_accuracy": 0.8055333865389731,
  "training_mode_level_1_precision": 0.8531332499652633,
  "training_mode_level_1_recall": 0.816706570896515,
  "training_mode_level_1_micro_f1": 0.834522595990486,
  "training_mode_level_1_macro_f1": 0.8218021855917041,
  "training_mode_level_1_macro_precision": 0.8458797563910091,
  "training_mode_level_1_macro_recall": 0.8069829811770142,
  "training_mode_level_1_avg_true_labels": 1.0,
  "training_mode_level_1_avg_pred_labels": 0.9573024740622506,
  "training_mode_overall_accuracy": 0.8006118648576749,
  "training_mode_overall_precision": 0.8857569788765877,
  "training_mode_overall_recall": 0.86731843575419,
  "training_mode_overall_micro_f1": 0.8764407406162842,
  "training_mode_overall_macro_f1": 0.8266111995546159,
  "training_mode_overall_macro_precision": 0.8495373473294551,
  "training_mode_overall_macro_recall": 0.8124944631299442,
  "training_mode_overall_avg_true_labels": 2.0,
  "training_mode_overall_avg_pred_labels": 1.958366586858207,
  "inference_mode_level_0_accuracy": 0.9156690609204575,
  "inference_mode_level_0_precision": 0.9169545575338826,
  "inference_mode_level_0_recall": 0.9179303006118649,
  "inference_mode_level_0_micro_f1": 0.9174421696357352,
  "inference_mode_level_0_macro_f1": 0.9186694668446406,
  "inference_mode_level_0_macro_precision": 0.9195540881511356,
  "inference_mode_level_0_macro_recall": 0.917999974800319,
  "inference_mode_level_0_avg_true_labels": 1.0,
  "inference_mode_level_0_avg_pred_labels": 1.0010641127959563,
  "inference_mode_level_1_accuracy": 0.8042032455440277,
  "inference_mode_level_1_precision": 0.855944055944056,
  "inference_mode_level_1_recall": 0.8140462889066241,
  "inference_mode_level_1_micro_f1": 0.8344695936733024,
  "inference_mode_level_1_macro_f1": 0.8213057924923852,
  "inference_mode_level_1_macro_precision": 0.847901930791253,
  "inference_mode_level_1_macro_recall": 0.8042124969301717,
  "inference_mode_level_1_avg_true_labels": 1.0,
  "inference_mode_level_1_avg_pred_labels": 0.9510508113860069,
  "inference_mode_overall_accuracy": 0.8016759776536313,
  "inference_mode_overall_precision": 0.8872308530934859,
  "inference_mode_overall_recall": 0.8659882947592444,
  "inference_mode_overall_micro_f1": 0.8764808831448573,
  "inference_mode_overall_macro_f1": 0.8261394500843411,
  "inference_mode_overall_macro_precision": 0.8514591300928073,
  "inference_mode_overall_macro_recall": 0.8098615206542216,
  "inference_mode_overall_avg_true_labels": 2.0,
  "inference_mode_overall_avg_pred_labels": 1.9521149241819633,
  "unified_accuracy": 0.8007448789571695,
  "unified_precision": 0.8886464370951245,
  "unified_recall": 0.8667198723064645,
  "unified_micro_f1": 0.8775462105653008,
  "unified_macro_f1": 0.8291578060152406,
  "unified_macro_precision": 0.8547258144304054,
  "unified_macro_recall": 0.812041549230938,
  "unified_avg_true_labels": 2.0,
  "unified_avg_pred_labels": 1.9506517690875234,
  "eval_threshold": 0.5,
  "train_loss": 0.005596518478767471,
  "epoch": 14,
  "epoch_time": 182.98850202560425,
  "selection_metric": "unified_macro_f1",
  "selection_metric_value": 0.8291578060152406
}