{
  "parent_accuracy": 0.915536046820963,
  "parent_micro_precision": 0.9174544002130209,
  "parent_micro_recall": 0.9166001596169194,
  "parent_micro_f1": 0.9170270809767782,
  "parent_macro_precision": 0.9193603033958454,
  "parent_macro_recall": 0.9158196209665468,
  "parent_macro_f1": 0.9174342986659123,
  "child_accuracy": 0.8073955839318968,
  "child_micro_precision": 0.8583774742124338,
  "child_micro_recall": 0.8191008246874169,
  "child_micro_f1": 0.8382793356928941,
  "child_macro_precision": 0.8561476379652803,
  "child_macro_recall": 0.8103975762714327,
  "child_macro_f1": 0.8290096122472522,
  "parent_acc_argmax": 0.9171322160148976,
  "parent_micro_f1_argmax": 0.9171322160148976,
  "parent_micro_precision_argmax": 0.9171322160148976,
  "parent_micro_recall_argmax": 0.9171322160148976,
  "parent_macro_f1_argmax": 0.9178806281308337,
  "parent_macro_precision_argmax": 0.9191624121114794,
  "parent_macro_recall_argmax": 0.9168915029553553,
  "child_acc_argmax": 0.8285448257515297,
  "child_micro_f1_argmax": 0.8285448257515297,
  "child_micro_precision_argmax": 0.8285448257515297,
  "child_micro_recall_argmax": 0.8285448257515297,
  "child_macro_f1_argmax": 0.8245180401159475,
  "child_macro_precision_argmax": 0.8319090937059601,
  "child_macro_recall_argmax": 0.8228268829965026,
  "overall_micro_f1": 0.8780996601729417,
  "overall_macro_f1": 0.8333994902964056,
  "overall_accuracy": 0.8034051609470604,
  "overall_micro_precision": 0.8885938032005448,
  "overall_micro_recall": 0.8678504921521681,
  "overall_macro_precision": 0.8592858553980033,
  "overall_macro_recall": 0.8156312948023958,
  "hierarchical_consistency": 0.9350891194466614,
  "training_mode_level_0_accuracy": 0.915536046820963,
  "training_mode_level_0_precision": 0.9174544002130209,
  "training_mode_level_0_recall": 0.9166001596169194,
  "training_mode_level_0_micro_f1": 0.9170270809767782,
  "training_mode_level_0_macro_f1": 0.9174342986659123,
  "training_mode_level_0_macro_precision": 0.9193603033958454,
  "training_mode_level_0_macro_recall": 0.9158196209665468,
  "training_mode_level_0_avg_true_labels": 1.0,
  "training_mode_level_0_avg_pred_labels": 0.9990689013035382,
  "training_mode_level_1_accuracy": 0.8073955839318968,
  "training_mode_level_1_precision": 0.8583774742124338,
  "training_mode_level_1_recall": 0.8191008246874169,
  "training_mode_level_1_micro_f1": 0.8382793356928941,
  "training_mode_level_1_macro_f1": 0.8290096122472522,
  "training_mode_level_1_macro_precision": 0.8561476379652803,
  "training_mode_level_1_macro_recall": 0.8103975762714327,
  "training_mode_level_1_avg_true_labels": 1.0,
  "training_mode_level_1_avg_pred_labels": 0.954243149773876,
  "training_mode_overall_accuracy": 0.8034051609470604,
  "training_mode_overall_precision": 0.8885938032005448,
  "training_mode_overall_recall": 0.8678504921521681,
  "training_mode_overall_micro_f1": 0.8780996601729417,
  "training_mode_overall_macro_f1": 0.8333994902964056,
  "training_mode_overall_macro_precision": 0.8592858553980033,
  "training_mode_overall_macro_recall": 0.8156312948023958,
  "training_mode_overall_avg_true_labels": 2.0,
  "training_mode_overall_avg_pred_labels": 1.9533120510774142,
  "inference_mode_level_0_accuracy": 0.915536046820963,
  "inference_mode_level_0_precision": 0.9174544002130209,
  "inference_mode_level_0_recall": 0.9166001596169194,
  "inference_mode_level_0_micro_f1": 0.9170270809767782,
  "inference_mode_level_0_macro_f1": 0.9174342986659123,
  "inference_mode_level_0_macro_precision": 0.9193603033958454,
  "inference_mode_level_0_macro_recall": 0.9158196209665468,
  "inference_mode_level_0_avg_true_labels": 1.0,
  "inference_mode_level_0_avg_pred_labels": 0.9990689013035382,
  "inference_mode_level_1_accuracy": 0.805001330140995,
  "inference_mode_level_1_precision": 0.8606315789473684,
  "inference_mode_level_1_recall": 0.8156424581005587,
  "inference_mode_level_1_micro_f1": 0.8375332923581233,
  "inference_mode_level_1_macro_f1": 0.82785230312333,
  "inference_mode_level_1_macro_precision": 0.8576579978977714,
  "inference_mode_level_1_macro_recall": 0.8068713093537158,
  "inference_mode_level_1_avg_true_labels": 1.0,
  "inference_mode_level_1_avg_pred_labels": 0.9477254588986432,
  "inference_mode_overall_accuracy": 0.8040702314445332,
  "inference_mode_overall_precision": 0.889792292976223,
  "inference_mode_overall_recall": 0.8661213088587391,
  "inference_mode_overall_micro_f1": 0.8777972499325963,
  "inference_mode_overall_macro_f1": 0.8322996362353731,
  "inference_mode_overall_macro_precision": 0.8607212329224985,
  "inference_mode_overall_macro_recall": 0.8122800907813033,
  "inference_mode_overall_avg_true_labels": 2.0,
  "inference_mode_overall_avg_pred_labels": 1.9467943602021813,
  "eval_threshold": 0.5,
  "train_loss": 0.0036961780954678693,
  "epoch": 16,
  "epoch_time": 180.67295575141907,
  "selection_metric": "training_mode_overall_macro_f1",
  "selection_metric_value": 0.8333994902964056
}