{
  "parent_accuracy": 0.9176642724128757,
  "parent_micro_precision": 0.9200745970427601,
  "parent_micro_recall": 0.9187283852088322,
  "parent_micro_f1": 0.9194009983361064,
  "parent_macro_precision": 0.9229804406052375,
  "parent_macro_recall": 0.9164783058269957,
  "parent_macro_f1": 0.9194134630217877,
  "child_accuracy": 0.8073955839318968,
  "child_micro_precision": 0.8548431862336942,
  "child_micro_recall": 0.819366852886406,
  "child_micro_f1": 0.8367291496875849,
  "child_macro_precision": 0.8476916782893346,
  "child_macro_recall": 0.8085041114258978,
  "child_macro_f1": 0.8245203271222376,
  "parent_acc_argmax": 0.9189944134078212,
  "parent_micro_f1_argmax": 0.9189944134078212,
  "parent_micro_precision_argmax": 0.9189944134078212,
  "parent_micro_recall_argmax": 0.9189944134078212,
  "parent_macro_f1_argmax": 0.9190700943955055,
  "parent_macro_precision_argmax": 0.9216759722757708,
  "parent_macro_recall_argmax": 0.9170122800453674,
  "child_acc_argmax": 0.8260175578611333,
  "child_micro_f1_argmax": 0.8260175578611333,
  "child_micro_precision_argmax": 0.8260175578611333,
  "child_micro_recall_argmax": 0.8260175578611333,
  "child_macro_f1_argmax": 0.8183173470804532,
  "child_macro_precision_argmax": 0.8214236791138407,
  "child_macro_recall_argmax": 0.8195647646945303,
  "overall_micro_f1": 0.8784833103633736,
  "overall_macro_f1": 0.8292313338690238,
  "overall_accuracy": 0.8039372173450385,
  "overall_micro_precision": 0.8881261469448787,
  "overall_micro_recall": 0.8690476190476191,
  "overall_macro_precision": 0.8514294182624647,
  "overall_macro_recall": 0.8138645324245338,
  "hierarchical_consistency": 0.9385474860335196,
  "training_mode_level_0_accuracy": 0.9176642724128757,
  "training_mode_level_0_precision": 0.9200745970427601,
  "training_mode_level_0_recall": 0.9187283852088322,
  "training_mode_level_0_micro_f1": 0.9194009983361064,
  "training_mode_level_0_macro_f1": 0.9194134630217877,
  "training_mode_level_0_macro_precision": 0.9229804406052375,
  "training_mode_level_0_macro_recall": 0.9164783058269957,
  "training_mode_level_0_avg_true_labels": 1.0,
  "training_mode_level_0_avg_pred_labels": 0.9985368449055599,
  "training_mode_level_1_accuracy": 0.8073955839318968,
  "training_mode_level_1_precision": 0.8548431862336942,
  "training_mode_level_1_recall": 0.819366852886406,
  "training_mode_level_1_micro_f1": 0.8367291496875849,
  "training_mode_level_1_macro_f1": 0.8245203271222376,
  "training_mode_level_1_macro_precision": 0.8476916782893346,
  "training_mode_level_1_macro_recall": 0.8085041114258978,
  "training_mode_level_1_avg_true_labels": 1.0,
  "training_mode_level_1_avg_pred_labels": 0.9584996009577015,
  "training_mode_overall_accuracy": 0.8039372173450385,
  "training_mode_overall_precision": 0.8881261469448787,
  "training_mode_overall_recall": 0.8690476190476191,
  "training_mode_overall_micro_f1": 0.8784833103633736,
  "training_mode_overall_macro_f1": 0.8292313338690238,
  "training_mode_overall_macro_precision": 0.8514294182624647,
  "training_mode_overall_macro_recall": 0.8138645324245338,
  "training_mode_overall_avg_true_labels": 2.0,
  "training_mode_overall_avg_pred_labels": 1.9570364458632614,
  "inference_mode_level_0_accuracy": 0.9176642724128757,
  "inference_mode_level_0_precision": 0.9200745970427601,
  "inference_mode_level_0_recall": 0.9187283852088322,
  "inference_mode_level_0_micro_f1": 0.9194009983361064,
  "inference_mode_level_0_macro_f1": 0.9194134630217877,
  "inference_mode_level_0_macro_precision": 0.9229804406052375,
  "inference_mode_level_0_macro_recall": 0.9164783058269957,
  "inference_mode_level_0_avg_true_labels": 1.0,
  "inference_mode_level_0_avg_pred_labels": 0.9985368449055599,
  "inference_mode_level_1_accuracy": 0.8060654429369514,
  "inference_mode_level_1_precision": 0.8579410532197235,
  "inference_mode_level_1_recall": 0.8169725990955041,
  "inference_mode_level_1_micro_f1": 0.8369557811541868,
  "inference_mode_level_1_macro_f1": 0.8243562155087809,
  "inference_mode_level_1_macro_precision": 0.8498530831939214,
  "inference_mode_level_1_macro_recall": 0.8064578422919093,
  "inference_mode_level_1_avg_true_labels": 1.0,
  "inference_mode_level_1_avg_pred_labels": 0.9522479382814578,
  "inference_mode_overall_accuracy": 0.8047353019420058,
  "inference_mode_overall_precision": 0.889744988408564,
  "inference_mode_overall_recall": 0.8678504921521681,
  "inference_mode_overall_micro_f1": 0.8786613696047404,
  "inference_mode_overall_macro_f1": 0.8290753696406323,
  "inference_mode_overall_macro_precision": 0.8534835193774619,
  "inference_mode_overall_macro_recall": 0.8119198511198924,
  "inference_mode_overall_avg_true_labels": 2.0,
  "inference_mode_overall_avg_pred_labels": 1.9507847831870178,
  "eval_threshold": 0.5,
  "train_loss": 0.0012834829326745054,
  "epoch": 21,
  "epoch_time": 179.79464054107666,
  "selection_metric": "training_mode_overall_macro_f1",
  "selection_metric_value": 0.8292313338690238
}