{
  "parent_accuracy": 0.9142059058260176,
  "parent_micro_precision": 0.9179323208100186,
  "parent_micro_recall": 0.9164671455174248,
  "parent_micro_f1": 0.917199148029819,
  "parent_macro_precision": 0.9237605938152413,
  "parent_macro_recall": 0.9148844354403044,
  "parent_macro_f1": 0.9190066601785704,
  "child_accuracy": 0.8068635275339185,
  "child_micro_precision": 0.8487569060773481,
  "child_micro_recall": 0.8173716413939878,
  "child_micro_f1": 0.8327686678411709,
  "child_macro_precision": 0.846811542424842,
  "child_macro_recall": 0.8069806647705643,
  "child_macro_f1": 0.8234346951819368,
  "parent_acc_argmax": 0.9167331737164139,
  "parent_micro_f1_argmax": 0.9167331737164139,
  "parent_micro_precision_argmax": 0.9167331737164139,
  "parent_micro_recall_argmax": 0.9167331737164139,
  "parent_macro_f1_argmax": 0.9184003968223486,
  "parent_macro_precision_argmax": 0.9223385478311469,
  "parent_macro_recall_argmax": 0.9150999255258595,
  "child_acc_argmax": 0.825219473264166,
  "child_micro_f1_argmax": 0.825219473264166,
  "child_micro_precision_argmax": 0.825219473264166,
  "child_micro_recall_argmax": 0.825219473264166,
  "child_macro_f1_argmax": 0.8174245720511591,
  "child_macro_precision_argmax": 0.8253001966866409,
  "child_macro_recall_argmax": 0.8158575712831703,
  "overall_micro_f1": 0.8753609562823181,
  "overall_macro_f1": 0.8281794026640391,
  "overall_accuracy": 0.8018089917531258,
  "overall_micro_precision": 0.8839685338396853,
  "overall_micro_recall": 0.8669193934557063,
  "overall_macro_precision": 0.8506317080967059,
  "overall_macro_recall": 0.8123375895555869,
  "hierarchical_consistency": 0.9441340782122905,
  "training_mode_level_0_accuracy": 0.9142059058260176,
  "training_mode_level_0_precision": 0.9179323208100186,
  "training_mode_level_0_recall": 0.9164671455174248,
  "training_mode_level_0_micro_f1": 0.917199148029819,
  "training_mode_level_0_macro_f1": 0.9190066601785704,
  "training_mode_level_0_macro_precision": 0.9237605938152413,
  "training_mode_level_0_macro_recall": 0.9148844354403044,
  "training_mode_level_0_avg_true_labels": 1.0,
  "training_mode_level_0_avg_pred_labels": 0.9984038308060654,
  "training_mode_level_1_accuracy": 0.8068635275339185,
  "training_mode_level_1_precision": 0.8487569060773481,
  "training_mode_level_1_recall": 0.8173716413939878,
  "training_mode_level_1_micro_f1": 0.8327686678411709,
  "training_mode_level_1_macro_f1": 0.8234346951819368,
  "training_mode_level_1_macro_precision": 0.846811542424842,
  "training_mode_level_1_macro_recall": 0.8069806647705643,
  "training_mode_level_1_avg_true_labels": 1.0,
  "training_mode_level_1_avg_pred_labels": 0.9630220803405161,
  "training_mode_overall_accuracy": 0.8018089917531258,
  "training_mode_overall_precision": 0.8839685338396853,
  "training_mode_overall_recall": 0.8669193934557063,
  "training_mode_overall_micro_f1": 0.8753609562823181,
  "training_mode_overall_macro_f1": 0.8281794026640391,
  "training_mode_overall_macro_precision": 0.8506317080967059,
  "training_mode_overall_macro_recall": 0.8123375895555869,
  "training_mode_overall_avg_true_labels": 2.0,
  "training_mode_overall_avg_pred_labels": 1.9614259111465815,
  "inference_mode_level_0_accuracy": 0.9142059058260176,
  "inference_mode_level_0_precision": 0.9179323208100186,
  "inference_mode_level_0_recall": 0.9164671455174248,
  "inference_mode_level_0_micro_f1": 0.917199148029819,
  "inference_mode_level_0_macro_f1": 0.9190066601785704,
  "inference_mode_level_0_macro_precision": 0.9237605938152413,
  "inference_mode_level_0_macro_recall": 0.9148844354403044,
  "inference_mode_level_0_avg_true_labels": 1.0,
  "inference_mode_level_0_avg_pred_labels": 0.9984038308060654,
  "inference_mode_level_1_accuracy": 0.8044692737430168,
  "inference_mode_level_1_precision": 0.8511407902058987,
  "inference_mode_level_1_recall": 0.813780260707635,
  "inference_mode_level_1_micro_f1": 0.8320413436692506,
  "inference_mode_level_1_macro_f1": 0.8223339967307979,
  "inference_mode_level_1_macro_precision": 0.8486239786255324,
  "inference_mode_level_1_macro_recall": 0.8034658500167913,
  "inference_mode_level_1_avg_true_labels": 1.0,
  "inference_mode_level_1_avg_pred_labels": 0.9561053471667997,
  "inference_mode_overall_accuracy": 0.8020750199521149,
  "inference_mode_overall_precision": 0.8852592895059208,
  "inference_mode_overall_recall": 0.86512370311253,
  "inference_mode_overall_micro_f1": 0.8750756811301715,
  "inference_mode_overall_macro_f1": 0.8271333488168575,
  "inference_mode_overall_macro_precision": 0.8523541651952343,
  "inference_mode_overall_macro_recall": 0.8089972691512919,
  "inference_mode_overall_avg_true_labels": 2.0,
  "inference_mode_overall_avg_pred_labels": 1.9545091779728652,
  "unified_accuracy": 0.8032721468475659,
  "unified_precision": 0.8820904604151173,
  "unified_recall": 0.8677174780526736,
  "unified_micro_f1": 0.8748449391490931,
  "unified_macro_f1": 0.8271905208973472,
  "unified_macro_precision": 0.847896418244669,
  "unified_macro_recall": 0.8131430305244731,
  "unified_avg_true_labels": 2.0,
  "unified_avg_pred_labels": 1.9674115456238361,
  "eval_threshold": 0.5,
  "train_loss": 0.004685578659483965,
  "epoch": 16,
  "epoch_time": 182.06078553199768,
  "selection_metric": "unified_macro_f1",
  "selection_metric_value": 0.8271905208973472
}