{
  "parent_accuracy": 0.9173982442138867,
  "parent_micro_precision": 0.9200159701889805,
  "parent_micro_recall": 0.9195264698057994,
  "parent_micro_f1": 0.9197711548696115,
  "parent_macro_precision": 0.9189135615202765,
  "parent_macro_recall": 0.9209573413810038,
  "parent_macro_f1": 0.9198747064887479,
  "child_accuracy": 0.8043362596435222,
  "child_micro_precision": 0.8578397212543554,
  "child_micro_recall": 0.8187017823889332,
  "child_micro_f1": 0.8378139249982985,
  "child_macro_precision": 0.8528165337534963,
  "child_macro_recall": 0.8093385037488062,
  "child_macro_f1": 0.8260505410639271,
  "parent_acc_argmax": 0.9197924980047885,
  "parent_micro_f1_argmax": 0.9197924980047885,
  "parent_micro_precision_argmax": 0.9197924980047885,
  "parent_micro_recall_argmax": 0.9197924980047885,
  "parent_macro_f1_argmax": 0.9201579445984864,
  "parent_macro_precision_argmax": 0.9191643664869318,
  "parent_macro_recall_argmax": 0.9213066917548403,
  "child_acc_argmax": 0.8288108539505188,
  "child_micro_f1_argmax": 0.8288108539505188,
  "child_micro_precision_argmax": 0.8288108539505188,
  "child_micro_recall_argmax": 0.8288108539505188,
  "child_macro_f1_argmax": 0.8186370599352983,
  "child_macro_precision_argmax": 0.82517944504803,
  "child_macro_recall_argmax": 0.8187812372807478,
  "overall_micro_f1": 0.879259882253995,
  "overall_macro_f1": 0.8307084783545209,
  "overall_accuracy": 0.8022080340516095,
  "overall_micro_precision": 0.8896453128191163,
  "overall_micro_recall": 0.8691141260973663,
  "overall_macro_precision": 0.8560979464795068,
  "overall_macro_recall": 0.8148798644823196,
  "hierarchical_consistency": 0.9346900771481778,
  "training_mode_level_0_accuracy": 0.9173982442138867,
  "training_mode_level_0_precision": 0.9200159701889805,
  "training_mode_level_0_recall": 0.9195264698057994,
  "training_mode_level_0_micro_f1": 0.9197711548696115,
  "training_mode_level_0_macro_f1": 0.9198747064887479,
  "training_mode_level_0_macro_precision": 0.9189135615202765,
  "training_mode_level_0_macro_recall": 0.9209573413810038,
  "training_mode_level_0_avg_true_labels": 1.0,
  "training_mode_level_0_avg_pred_labels": 0.9994679436020218,
  "training_mode_level_1_accuracy": 0.8043362596435222,
  "training_mode_level_1_precision": 0.8578397212543554,
  "training_mode_level_1_recall": 0.8187017823889332,
  "training_mode_level_1_micro_f1": 0.8378139249982985,
  "training_mode_level_1_macro_f1": 0.8260505410639271,
  "training_mode_level_1_macro_precision": 0.8528165337534963,
  "training_mode_level_1_macro_recall": 0.8093385037488062,
  "training_mode_level_1_avg_true_labels": 1.0,
  "training_mode_level_1_avg_pred_labels": 0.9543761638733705,
  "training_mode_overall_accuracy": 0.8022080340516095,
  "training_mode_overall_precision": 0.8896453128191163,
  "training_mode_overall_recall": 0.8691141260973663,
  "training_mode_overall_micro_f1": 0.879259882253995,
  "training_mode_overall_macro_f1": 0.8307084783545209,
  "training_mode_overall_macro_precision": 0.8560979464795068,
  "training_mode_overall_macro_recall": 0.8148798644823196,
  "training_mode_overall_avg_true_labels": 2.0,
  "training_mode_overall_avg_pred_labels": 1.9538441074753925,
  "inference_mode_level_0_accuracy": 0.9173982442138867,
  "inference_mode_level_0_precision": 0.9200159701889805,
  "inference_mode_level_0_recall": 0.9195264698057994,
  "inference_mode_level_0_micro_f1": 0.9197711548696115,
  "inference_mode_level_0_macro_f1": 0.9198747064887479,
  "inference_mode_level_0_macro_precision": 0.9189135615202765,
  "inference_mode_level_0_macro_recall": 0.9209573413810038,
  "inference_mode_level_0_avg_true_labels": 1.0,
  "inference_mode_level_0_avg_pred_labels": 0.9994679436020218,
  "inference_mode_level_1_accuracy": 0.8032721468475659,
  "inference_mode_level_1_precision": 0.8595828083438332,
  "inference_mode_level_1_recall": 0.816706570896515,
  "inference_mode_level_1_micro_f1": 0.8375963440420162,
  "inference_mode_level_1_macro_f1": 0.8254037844999088,
  "inference_mode_level_1_macro_precision": 0.853862753863623,
  "inference_mode_level_1_macro_recall": 0.807156543093001,
  "inference_mode_level_1_avg_true_labels": 1.0,
  "inference_mode_level_1_avg_pred_labels": 0.9501197126895451,
  "inference_mode_overall_accuracy": 0.8024740622505986,
  "inference_mode_overall_precision": 0.8905642355188647,
  "inference_mode_overall_recall": 0.8681165203511573,
  "inference_mode_overall_micro_f1": 0.879197117165662,
  "inference_mode_overall_macro_f1": 0.8300938302724045,
  "inference_mode_overall_macro_precision": 0.857092226584166,
  "inference_mode_overall_macro_recall": 0.8128062281143912,
  "inference_mode_overall_avg_true_labels": 2.0,
  "inference_mode_overall_avg_pred_labels": 1.9495876562915668,
  "unified_accuracy": 0.8043362596435222,
  "unified_precision": 0.8886548913043478,
  "unified_recall": 0.8699787177440809,
  "unified_micro_f1": 0.879217636779137,
  "unified_macro_f1": 0.8306496917064515,
  "unified_macro_precision": 0.855880252848601,
  "unified_macro_recall": 0.814929728759196,
  "unified_avg_true_labels": 2.0,
  "unified_avg_pred_labels": 1.9579675445597233,
  "eval_threshold": 0.5,
  "train_loss": 0.007064009699078792,
  "epoch": 12,
  "epoch_time": 181.73289108276367,
  "selection_metric": "unified_macro_f1",
  "selection_metric_value": 0.8306496917064515
}