{
  "parent_accuracy": 0.9130087789305666,
  "parent_micro_precision": 0.9147493017688523,
  "parent_micro_recall": 0.9148709763234902,
  "parent_micro_f1": 0.9148101350003325,
  "parent_macro_precision": 0.9219810153091706,
  "parent_macro_recall": 0.910238648019963,
  "parent_macro_f1": 0.9157152115855289,
  "child_accuracy": 0.8084596967278531,
  "child_micro_precision": 0.8563881551508411,
  "child_micro_recall": 0.819366852886406,
  "child_micro_f1": 0.8374685609407926,
  "child_macro_precision": 0.8524210225918702,
  "child_macro_recall": 0.8069158906894891,
  "child_macro_f1": 0.8251335339593664,
  "parent_acc_argmax": 0.9143389199255121,
  "parent_micro_f1_argmax": 0.9143389199255121,
  "parent_micro_precision_argmax": 0.9143389199255121,
  "parent_micro_recall_argmax": 0.9143389199255121,
  "parent_macro_f1_argmax": 0.9149594761203267,
  "parent_macro_precision_argmax": 0.9207777414572018,
  "parent_macro_recall_argmax": 0.9098650175869621,
  "child_acc_argmax": 0.8245544027666932,
  "child_micro_f1_argmax": 0.8245544027666932,
  "child_micro_precision_argmax": 0.8245544027666932,
  "child_micro_recall_argmax": 0.8245544027666932,
  "child_macro_f1_argmax": 0.8144015925514141,
  "child_macro_precision_argmax": 0.8253851288508447,
  "child_macro_recall_argmax": 0.8119799303327724,
  "overall_micro_f1": 0.8765631302944735,
  "overall_macro_f1": 0.8296304966783957,
  "overall_accuracy": 0.8042032455440277,
  "overall_micro_precision": 0.886215334420881,
  "overall_micro_recall": 0.8671189146049482,
  "overall_macro_precision": 0.855874355563651,
  "overall_macro_recall": 0.8120453892803637,
  "hierarchical_consistency": 0.9402766693269486,
  "training_mode_level_0_accuracy": 0.9130087789305666,
  "training_mode_level_0_precision": 0.9147493017688523,
  "training_mode_level_0_recall": 0.9148709763234902,
  "training_mode_level_0_micro_f1": 0.9148101350003325,
  "training_mode_level_0_macro_f1": 0.9157152115855289,
  "training_mode_level_0_macro_precision": 0.9219810153091706,
  "training_mode_level_0_macro_recall": 0.910238648019963,
  "training_mode_level_0_avg_true_labels": 1.0,
  "training_mode_level_0_avg_pred_labels": 1.0001330140994946,
  "training_mode_level_1_accuracy": 0.8084596967278531,
  "training_mode_level_1_precision": 0.8563881551508411,
  "training_mode_level_1_recall": 0.819366852886406,
  "training_mode_level_1_micro_f1": 0.8374685609407926,
  "training_mode_level_1_macro_f1": 0.8251335339593664,
  "training_mode_level_1_macro_precision": 0.8524210225918702,
  "training_mode_level_1_macro_recall": 0.8069158906894891,
  "training_mode_level_1_avg_true_labels": 1.0,
  "training_mode_level_1_avg_pred_labels": 0.9567704176642724,
  "training_mode_overall_accuracy": 0.8042032455440277,
  "training_mode_overall_precision": 0.886215334420881,
  "training_mode_overall_recall": 0.8671189146049482,
  "training_mode_overall_micro_f1": 0.8765631302944735,
  "training_mode_overall_macro_f1": 0.8296304966783957,
  "training_mode_overall_macro_precision": 0.855874355563651,
  "training_mode_overall_macro_recall": 0.8120453892803637,
  "training_mode_overall_avg_true_labels": 2.0,
  "training_mode_overall_avg_pred_labels": 1.956903431763767,
  "inference_mode_level_0_accuracy": 0.9130087789305666,
  "inference_mode_level_0_precision": 0.9147493017688523,
  "inference_mode_level_0_recall": 0.9148709763234902,
  "inference_mode_level_0_micro_f1": 0.9148101350003325,
  "inference_mode_level_0_macro_f1": 0.9157152115855289,
  "inference_mode_level_0_macro_precision": 0.9219810153091706,
  "inference_mode_level_0_macro_recall": 0.910238648019963,
  "inference_mode_level_0_avg_true_labels": 1.0,
  "inference_mode_level_0_avg_pred_labels": 1.0001330140994946,
  "inference_mode_level_1_accuracy": 0.8073955839318968,
  "inference_mode_level_1_precision": 0.8585195530726257,
  "inference_mode_level_1_recall": 0.8176376695929769,
  "inference_mode_level_1_micro_f1": 0.8375800517781714,
  "inference_mode_level_1_macro_f1": 0.8250594387049849,
  "inference_mode_level_1_macro_precision": 0.8542891561978307,
  "inference_mode_level_1_macro_recall": 0.8052321401984163,
  "inference_mode_level_1_avg_true_labels": 1.0,
  "inference_mode_level_1_avg_pred_labels": 0.9523809523809523,
  "inference_mode_overall_accuracy": 0.8044692737430168,
  "inference_mode_overall_precision": 0.8873220246610805,
  "inference_mode_overall_recall": 0.8662543229582336,
  "inference_mode_overall_micro_f1": 0.8766616187110887,
  "inference_mode_overall_macro_f1": 0.8295600799118206,
  "inference_mode_overall_macro_precision": 0.8576497449480391,
  "inference_mode_overall_macro_recall": 0.8104452292392024,
  "inference_mode_overall_avg_true_labels": 2.0,
  "inference_mode_overall_avg_pred_labels": 1.952513966480447,
  "unified_accuracy": 0.8051343442404895,
  "unified_precision": 0.8872779252603635,
  "unified_recall": 0.8669193934557063,
  "unified_micro_f1": 0.8769805227570895,
  "unified_macro_f1": 0.8310099986229376,
  "unified_macro_precision": 0.8584604324564284,
  "unified_macro_recall": 0.8121200052040335,
  "unified_avg_true_labels": 2.0,
  "unified_avg_pred_labels": 1.9541101356743815,
  "eval_threshold": 0.5,
  "train_loss": 0.003913531174026851,
  "epoch": 16,
  "epoch_time": 181.71904754638672,
  "selection_metric": "unified_macro_f1",
  "selection_metric_value": 0.8310099986229376
}