{
  "parent_accuracy": 0.9193934557063048,
  "parent_micro_precision": 0.9206117021276595,
  "parent_micro_recall": 0.9208566108007449,
  "parent_micro_f1": 0.9207341401782152,
  "parent_macro_precision": 0.922924059429352,
  "parent_macro_recall": 0.9192636434408269,
  "parent_macro_f1": 0.9210313444189262,
  "child_accuracy": 0.8148443735035914,
  "child_micro_precision": 0.8574582585897613,
  "child_micro_recall": 0.8265496142591114,
  "child_micro_f1": 0.841720284456485,
  "child_macro_precision": 0.8511898175326316,
  "child_macro_recall": 0.814269858564905,
  "child_macro_f1": 0.8291071029389642,
  "parent_acc_argmax": 0.9208566108007449,
  "parent_micro_f1_argmax": 0.9208566108007449,
  "parent_micro_precision_argmax": 0.9208566108007449,
  "parent_micro_recall_argmax": 0.9208566108007449,
  "parent_macro_f1_argmax": 0.9211938302768684,
  "parent_macro_precision_argmax": 0.9231614113384208,
  "parent_macro_recall_argmax": 0.9193682524571187,
  "child_acc_argmax": 0.8321362064378824,
  "child_micro_f1_argmax": 0.8321362064378824,
  "child_micro_precision_argmax": 0.8321362064378824,
  "child_micro_recall_argmax": 0.8321362064378824,
  "child_macro_f1_argmax": 0.8210585299262807,
  "child_macro_precision_argmax": 0.827867206022724,
  "child_macro_recall_argmax": 0.8201620783477304,
  "overall_micro_f1": 0.8815891017682783,
  "overall_macro_f1": 0.8336707177642104,
  "overall_accuracy": 0.8120510774142059,
  "overall_micro_precision": 0.8896187444978668,
  "overall_micro_recall": 0.8737031125299282,
  "overall_macro_precision": 0.854751091953036,
  "overall_macro_recall": 0.8194823159700926,
  "hierarchical_consistency": 0.9471934025006651,
  "training_mode_level_0_accuracy": 0.9193934557063048,
  "training_mode_level_0_precision": 0.9206117021276595,
  "training_mode_level_0_recall": 0.9208566108007449,
  "training_mode_level_0_micro_f1": 0.9207341401782152,
  "training_mode_level_0_macro_f1": 0.9210313444189262,
  "training_mode_level_0_macro_precision": 0.922924059429352,
  "training_mode_level_0_macro_recall": 0.9192636434408269,
  "training_mode_level_0_avg_true_labels": 1.0,
  "training_mode_level_0_avg_pred_labels": 1.000266028198989,
  "training_mode_level_1_accuracy": 0.8148443735035914,
  "training_mode_level_1_precision": 0.8574582585897613,
  "training_mode_level_1_recall": 0.8265496142591114,
  "training_mode_level_1_micro_f1": 0.841720284456485,
  "training_mode_level_1_macro_f1": 0.8291071029389642,
  "training_mode_level_1_macro_precision": 0.8511898175326316,
  "training_mode_level_1_macro_recall": 0.814269858564905,
  "training_mode_level_1_avg_true_labels": 1.0,
  "training_mode_level_1_avg_pred_labels": 0.963953179036978,
  "training_mode_overall_accuracy": 0.8120510774142059,
  "training_mode_overall_precision": 0.8896187444978668,
  "training_mode_overall_recall": 0.8737031125299282,
  "training_mode_overall_micro_f1": 0.8815891017682783,
  "training_mode_overall_macro_f1": 0.8336707177642104,
  "training_mode_overall_macro_precision": 0.854751091953036,
  "training_mode_overall_macro_recall": 0.8194823159700926,
  "training_mode_overall_avg_true_labels": 2.0,
  "training_mode_overall_avg_pred_labels": 1.964219207235967,
  "inference_mode_level_0_accuracy": 0.9193934557063048,
  "inference_mode_level_0_precision": 0.9206117021276595,
  "inference_mode_level_0_recall": 0.9208566108007449,
  "inference_mode_level_0_micro_f1": 0.9207341401782152,
  "inference_mode_level_0_macro_f1": 0.9210313444189262,
  "inference_mode_level_0_macro_precision": 0.922924059429352,
  "inference_mode_level_0_macro_recall": 0.9192636434408269,
  "inference_mode_level_0_avg_true_labels": 1.0,
  "inference_mode_level_0_avg_pred_labels": 1.000266028198989,
  "inference_mode_level_1_accuracy": 0.813780260707635,
  "inference_mode_level_1_precision": 0.8590045750727853,
  "inference_mode_level_1_recall": 0.8241553604682096,
  "inference_mode_level_1_micro_f1": 0.8412191976104813,
  "inference_mode_level_1_macro_f1": 0.8284761076878654,
  "inference_mode_level_1_macro_precision": 0.8524457763703164,
  "inference_mode_level_1_macro_recall": 0.8119632448335242,
  "inference_mode_level_1_avg_true_labels": 1.0,
  "inference_mode_level_1_avg_pred_labels": 0.9594306996541634,
  "inference_mode_overall_accuracy": 0.8124501197126895,
  "inference_mode_overall_precision": 0.8904500101812258,
  "inference_mode_overall_recall": 0.8725059856344772,
  "inference_mode_overall_micro_f1": 0.881386677416104,
  "inference_mode_overall_macro_f1": 0.8330710485184855,
  "inference_mode_overall_macro_precision": 0.855944698224311,
  "inference_mode_overall_macro_recall": 0.8172902149771492,
  "inference_mode_overall_avg_true_labels": 2.0,
  "inference_mode_overall_avg_pred_labels": 1.9596967278531525,
  "eval_threshold": 0.5,
  "train_loss": 0.002402793573441778,
  "epoch": 22,
  "epoch_time": 180.61005854606628,
  "selection_metric": "training_mode_overall_macro_f1",
  "selection_metric_value": 0.8336707177642104
}