{
  "parent_accuracy": 0.9115456238361266,
  "parent_micro_precision": 0.9147916389295699,
  "parent_micro_recall": 0.9139398776270284,
  "parent_micro_f1": 0.9143655599174928,
  "parent_macro_precision": 0.9197102295566335,
  "parent_macro_recall": 0.9085026409844817,
  "parent_macro_f1": 0.9138883728018857,
  "child_accuracy": 0.7946262303804204,
  "child_micro_precision": 0.8586787381524968,
  "child_micro_recall": 0.8073955839318968,
  "child_micro_f1": 0.8322478919585933,
  "child_macro_precision": 0.8554245298014737,
  "child_macro_recall": 0.7970790435988443,
  "child_macro_f1": 0.8221666177138434,
  "parent_acc_argmax": 0.9139398776270284,
  "parent_micro_f1_argmax": 0.9139398776270284,
  "parent_micro_precision_argmax": 0.9139398776270284,
  "parent_micro_recall_argmax": 0.9139398776270284,
  "parent_macro_f1_argmax": 0.9134710994856234,
  "parent_macro_precision_argmax": 0.9184259965409963,
  "parent_macro_recall_argmax": 0.9088642340154731,
  "child_acc_argmax": 0.8216280925778132,
  "child_micro_f1_argmax": 0.8216280925778132,
  "child_micro_precision_argmax": 0.8216280925778132,
  "child_micro_recall_argmax": 0.8216280925778132,
  "child_macro_f1_argmax": 0.8150795082958778,
  "child_macro_precision_argmax": 0.8240409826427816,
  "child_macro_recall_argmax": 0.8120429410656201,
  "overall_micro_f1": 0.8739195029713668,
  "overall_macro_f1": 0.8267201800231787,
  "overall_accuracy": 0.789172652301144,
  "overall_micro_precision": 0.8875857338820302,
  "overall_micro_recall": 0.8606677307794626,
  "overall_macro_precision": 0.8586160184418009,
  "overall_macro_recall": 0.8026107115541596,
  "hierarchical_consistency": 0.9192604416068103,
  "training_mode_level_0_accuracy": 0.9115456238361266,
  "training_mode_level_0_precision": 0.9147916389295699,
  "training_mode_level_0_recall": 0.9139398776270284,
  "training_mode_level_0_micro_f1": 0.9143655599174928,
  "training_mode_level_0_macro_f1": 0.9138883728018857,
  "training_mode_level_0_macro_precision": 0.9197102295566335,
  "training_mode_level_0_macro_recall": 0.9085026409844817,
  "training_mode_level_0_avg_true_labels": 1.0,
  "training_mode_level_0_avg_pred_labels": 0.9990689013035382,
  "training_mode_level_1_accuracy": 0.7946262303804204,
  "training_mode_level_1_precision": 0.8586787381524968,
  "training_mode_level_1_recall": 0.8073955839318968,
  "training_mode_level_1_micro_f1": 0.8322478919585933,
  "training_mode_level_1_macro_f1": 0.8221666177138434,
  "training_mode_level_1_macro_precision": 0.8554245298014737,
  "training_mode_level_1_macro_recall": 0.7970790435988443,
  "training_mode_level_1_avg_true_labels": 1.0,
  "training_mode_level_1_avg_pred_labels": 0.9402766693269486,
  "training_mode_overall_accuracy": 0.789172652301144,
  "training_mode_overall_precision": 0.8875857338820302,
  "training_mode_overall_recall": 0.8606677307794626,
  "training_mode_overall_micro_f1": 0.8739195029713668,
  "training_mode_overall_macro_f1": 0.8267201800231787,
  "training_mode_overall_macro_precision": 0.8586160184418009,
  "training_mode_overall_macro_recall": 0.8026107115541596,
  "training_mode_overall_avg_true_labels": 2.0,
  "training_mode_overall_avg_pred_labels": 1.9393455706304867,
  "inference_mode_level_0_accuracy": 0.9115456238361266,
  "inference_mode_level_0_precision": 0.9147916389295699,
  "inference_mode_level_0_recall": 0.9139398776270284,
  "inference_mode_level_0_micro_f1": 0.9143655599174928,
  "inference_mode_level_0_macro_f1": 0.9138883728018857,
  "inference_mode_level_0_macro_precision": 0.9197102295566335,
  "inference_mode_level_0_macro_recall": 0.9085026409844817,
  "inference_mode_level_0_avg_true_labels": 1.0,
  "inference_mode_level_0_avg_pred_labels": 0.9990689013035382,
  "inference_mode_level_1_accuracy": 0.7919659483905294,
  "inference_mode_level_1_precision": 0.8609328198545143,
  "inference_mode_level_1_recall": 0.8028731045490822,
  "inference_mode_level_1_micro_f1": 0.8308899442494322,
  "inference_mode_level_1_macro_f1": 0.821188997937622,
  "inference_mode_level_1_macro_precision": 0.8577331773511151,
  "inference_mode_level_1_macro_recall": 0.7934334592914344,
  "inference_mode_level_1_avg_true_labels": 1.0,
  "inference_mode_level_1_avg_pred_labels": 0.9325618515562649,
  "inference_mode_overall_accuracy": 0.7898377227986166,
  "inference_mode_overall_precision": 0.888789422944498,
  "inference_mode_overall_recall": 0.8584064910880553,
  "inference_mode_overall_micro_f1": 0.8733337844238447,
  "inference_mode_overall_macro_f1": 0.825791094562089,
  "inference_mode_overall_macro_precision": 0.8608100522833038,
  "inference_mode_overall_macro_recall": 0.7991461137017276,
  "inference_mode_overall_avg_true_labels": 2.0,
  "inference_mode_overall_avg_pred_labels": 1.9316307528598031,
  "eval_threshold": 0.5,
  "train_loss": 0.004814812017108086,
  "epoch": 15,
  "epoch_time": 181.60434222221375,
  "selection_metric": "training_mode_overall_macro_f1",
  "selection_metric_value": 0.8267201800231787
}