{
  "parent_accuracy": 0.9114126097366321,
  "parent_micro_precision": 0.913841244515357,
  "parent_micro_recall": 0.9142059058260176,
  "parent_micro_f1": 0.9140235387991222,
  "parent_macro_precision": 0.9185882483624651,
  "parent_macro_recall": 0.9106072332367648,
  "parent_macro_f1": 0.9141985915166665,
  "child_accuracy": 0.7924980047885076,
  "child_micro_precision": 0.8587155963302753,
  "child_micro_recall": 0.8092577813248204,
  "child_micro_f1": 0.833253441073752,
  "child_macro_precision": 0.8556618493964955,
  "child_macro_recall": 0.799631400699365,
  "child_macro_f1": 0.822172278434775,
  "parent_acc_argmax": 0.9134078212290503,
  "parent_micro_f1_argmax": 0.9134078212290503,
  "parent_micro_precision_argmax": 0.9134078212290503,
  "parent_micro_recall_argmax": 0.9134078212290503,
  "parent_macro_f1_argmax": 0.9135454972495465,
  "parent_macro_precision_argmax": 0.9181683685874206,
  "parent_macro_recall_argmax": 0.9096861019332622,
  "child_acc_argmax": 0.8229582335727587,
  "child_micro_f1_argmax": 0.8229582335727587,
  "child_micro_precision_argmax": 0.8229582335727587,
  "child_micro_recall_argmax": 0.8229582335727587,
  "child_macro_f1_argmax": 0.8132582591030494,
  "child_macro_precision_argmax": 0.8240538847732518,
  "child_macro_recall_argmax": 0.8129679473222623,
  "overall_micro_f1": 0.87423250792794,
  "overall_macro_f1": 0.8267409606445143,
  "overall_accuracy": 0.7878425113061984,
  "overall_micro_precision": 0.8871011912912502,
  "overall_micro_recall": 0.861731843575419,
  "overall_macro_precision": 0.8587858550189196,
  "overall_macro_recall": 0.8051408391941296,
  "hierarchical_consistency": 0.9185953711093376,
  "training_mode_level_0_accuracy": 0.9114126097366321,
  "training_mode_level_0_precision": 0.913841244515357,
  "training_mode_level_0_recall": 0.9142059058260176,
  "training_mode_level_0_micro_f1": 0.9140235387991222,
  "training_mode_level_0_macro_f1": 0.9141985915166665,
  "training_mode_level_0_macro_precision": 0.9185882483624651,
  "training_mode_level_0_macro_recall": 0.9106072332367648,
  "training_mode_level_0_avg_true_labels": 1.0,
  "training_mode_level_0_avg_pred_labels": 1.0003990422984836,
  "training_mode_level_1_accuracy": 0.7924980047885076,
  "training_mode_level_1_precision": 0.8587155963302753,
  "training_mode_level_1_recall": 0.8092577813248204,
  "training_mode_level_1_micro_f1": 0.833253441073752,
  "training_mode_level_1_macro_f1": 0.822172278434775,
  "training_mode_level_1_macro_precision": 0.8556618493964955,
  "training_mode_level_1_macro_recall": 0.799631400699365,
  "training_mode_level_1_avg_true_labels": 1.0,
  "training_mode_level_1_avg_pred_labels": 0.9424048949188614,
  "training_mode_overall_accuracy": 0.7878425113061984,
  "training_mode_overall_precision": 0.8871011912912502,
  "training_mode_overall_recall": 0.861731843575419,
  "training_mode_overall_micro_f1": 0.87423250792794,
  "training_mode_overall_macro_f1": 0.8267409606445143,
  "training_mode_overall_macro_precision": 0.8587858550189196,
  "training_mode_overall_macro_recall": 0.8051408391941296,
  "training_mode_overall_avg_true_labels": 2.0,
  "training_mode_overall_avg_pred_labels": 1.9428039372173451,
  "inference_mode_level_0_accuracy": 0.9114126097366321,
  "inference_mode_level_0_precision": 0.913841244515357,
  "inference_mode_level_0_recall": 0.9142059058260176,
  "inference_mode_level_0_micro_f1": 0.9140235387991222,
  "inference_mode_level_0_macro_f1": 0.9141985915166665,
  "inference_mode_level_0_macro_precision": 0.9185882483624651,
  "inference_mode_level_0_macro_recall": 0.9106072332367648,
  "inference_mode_level_0_avg_true_labels": 1.0,
  "inference_mode_level_0_avg_pred_labels": 1.0003990422984836,
  "inference_mode_level_1_accuracy": 0.7905027932960894,
  "inference_mode_level_1_precision": 0.8597137593878419,
  "inference_mode_level_1_recall": 0.8069965416334132,
  "inference_mode_level_1_micro_f1": 0.8325214408233276,
  "inference_mode_level_1_macro_f1": 0.821237279209805,
  "inference_mode_level_1_macro_precision": 0.8562777620459473,
  "inference_mode_level_1_macro_recall": 0.797608016278447,
  "inference_mode_level_1_avg_true_labels": 1.0,
  "inference_mode_level_1_avg_pred_labels": 0.9386805001330141,
  "inference_mode_overall_accuracy": 0.787975525405693,
  "inference_mode_overall_precision": 0.8876389079434764,
  "inference_mode_overall_recall": 0.8606012237297154,
  "inference_mode_overall_micro_f1": 0.8739109880461944,
  "inference_mode_overall_macro_f1": 0.825852379820784,
  "inference_mode_overall_macro_precision": 0.8593711904446397,
  "inference_mode_overall_macro_recall": 0.8032179064820515,
  "inference_mode_overall_avg_true_labels": 2.0,
  "inference_mode_overall_avg_pred_labels": 1.9390795424314977,
  "eval_threshold": 0.5,
  "train_loss": 0.010012381691039797,
  "epoch": 8,
  "epoch_time": 180.38765144348145,
  "selection_metric": "training_mode_overall_macro_f1",
  "selection_metric_value": 0.8267409606445143
}