{
  "parent_accuracy": 0.9176642724128757,
  "parent_micro_precision": 0.9206391478029294,
  "parent_micro_recall": 0.919659483905294,
  "parent_micro_f1": 0.920149055097152,
  "parent_macro_precision": 0.9239294226373103,
  "parent_macro_recall": 0.9178904448962671,
  "parent_macro_f1": 0.9207945292515093,
  "child_accuracy": 0.8124501197126895,
  "child_micro_precision": 0.8573411046350263,
  "child_micro_recall": 0.8217611066773078,
  "child_micro_f1": 0.839174137462646,
  "child_macro_precision": 0.8530458838403873,
  "child_macro_recall": 0.8091654873857521,
  "child_macro_f1": 0.8265987606947082,
  "parent_acc_argmax": 0.9203245544027667,
  "parent_micro_f1_argmax": 0.9203245544027667,
  "parent_micro_precision_argmax": 0.9203245544027667,
  "parent_micro_recall_argmax": 0.9203245544027667,
  "parent_macro_f1_argmax": 0.9206941409234718,
  "parent_macro_precision_argmax": 0.9232219972767205,
  "parent_macro_recall_argmax": 0.9183695287023154,
  "child_acc_argmax": 0.833732375631817,
  "child_micro_f1_argmax": 0.833732375631817,
  "child_micro_precision_argmax": 0.833732375631817,
  "child_micro_recall_argmax": 0.833732375631817,
  "child_macro_f1_argmax": 0.8247935835722489,
  "child_macro_precision_argmax": 0.8340875522406554,
  "child_macro_recall_argmax": 0.8225364431125719,
  "overall_micro_f1": 0.8800752890561979,
  "overall_macro_f1": 0.8312751463677407,
  "overall_accuracy": 0.8073955839318968,
  "overall_micro_precision": 0.889643924979614,
  "overall_micro_recall": 0.8707102952913008,
  "overall_macro_precision": 0.8565649247735677,
  "overall_macro_recall": 0.8145631803118061,
  "hierarchical_consistency": 0.9424048949188614,
  "training_mode_level_0_accuracy": 0.9176642724128757,
  "training_mode_level_0_precision": 0.9206391478029294,
  "training_mode_level_0_recall": 0.919659483905294,
  "training_mode_level_0_micro_f1": 0.920149055097152,
  "training_mode_level_0_macro_f1": 0.9207945292515093,
  "training_mode_level_0_macro_precision": 0.9239294226373103,
  "training_mode_level_0_macro_recall": 0.9178904448962671,
  "training_mode_level_0_avg_true_labels": 1.0,
  "training_mode_level_0_avg_pred_labels": 0.9989358872040436,
  "training_mode_level_1_accuracy": 0.8124501197126895,
  "training_mode_level_1_precision": 0.8573411046350263,
  "training_mode_level_1_recall": 0.8217611066773078,
  "training_mode_level_1_micro_f1": 0.839174137462646,
  "training_mode_level_1_macro_f1": 0.8265987606947082,
  "training_mode_level_1_macro_precision": 0.8530458838403873,
  "training_mode_level_1_macro_recall": 0.8091654873857521,
  "training_mode_level_1_avg_true_labels": 1.0,
  "training_mode_level_1_avg_pred_labels": 0.9584996009577015,
  "training_mode_overall_accuracy": 0.8073955839318968,
  "training_mode_overall_precision": 0.889643924979614,
  "training_mode_overall_recall": 0.8707102952913008,
  "training_mode_overall_micro_f1": 0.8800752890561979,
  "training_mode_overall_macro_f1": 0.8312751463677407,
  "training_mode_overall_macro_precision": 0.8565649247735677,
  "training_mode_overall_macro_recall": 0.8145631803118061,
  "training_mode_overall_avg_true_labels": 2.0,
  "training_mode_overall_avg_pred_labels": 1.957435488161745,
  "inference_mode_level_0_accuracy": 0.9176642724128757,
  "inference_mode_level_0_precision": 0.9206391478029294,
  "inference_mode_level_0_recall": 0.919659483905294,
  "inference_mode_level_0_micro_f1": 0.920149055097152,
  "inference_mode_level_0_macro_f1": 0.9207945292515093,
  "inference_mode_level_0_macro_precision": 0.9239294226373103,
  "inference_mode_level_0_macro_recall": 0.9178904448962671,
  "inference_mode_level_0_avg_true_labels": 1.0,
  "inference_mode_level_0_avg_pred_labels": 0.9989358872040436,
  "inference_mode_level_1_accuracy": 0.8100558659217877,
  "inference_mode_level_1_precision": 0.8595168272587628,
  "inference_mode_level_1_recall": 0.8187017823889332,
  "inference_mode_level_1_micro_f1": 0.8386129845357313,
  "inference_mode_level_1_macro_f1": 0.8255212398090773,
  "inference_mode_level_1_macro_precision": 0.8543465025597354,
  "inference_mode_level_1_macro_recall": 0.8060965910898049,
  "inference_mode_level_1_avg_true_labels": 1.0,
  "inference_mode_level_1_avg_pred_labels": 0.952513966480447,
  "inference_mode_overall_accuracy": 0.8076616121308858,
  "inference_mode_overall_precision": 0.8908049894349397,
  "inference_mode_overall_recall": 0.8691806331471136,
  "inference_mode_overall_micro_f1": 0.8798599656646582,
  "inference_mode_overall_macro_f1": 0.8302511194267868,
  "inference_mode_overall_macro_precision": 0.8578009737692605,
  "inference_mode_overall_macro_recall": 0.8116466405695584,
  "inference_mode_overall_avg_true_labels": 2.0,
  "inference_mode_overall_avg_pred_labels": 1.9514498536844906,
  "unified_accuracy": 0.807927640329875,
  "unified_precision": 0.8912333242580996,
  "unified_recall": 0.8708433093907955,
  "unified_micro_f1": 0.8809203444564048,
  "unified_macro_f1": 0.8328837135414799,
  "unified_macro_precision": 0.8600522598009357,
  "unified_macro_recall": 0.8144927538082213,
  "unified_avg_true_labels": 2.0,
  "unified_avg_pred_labels": 1.954243149773876,
  "eval_threshold": 0.5,
  "train_loss": 0.0045921904077329875,
  "epoch": 15,
  "epoch_time": 184.21865916252136,
  "selection_metric": "unified_macro_f1",
  "selection_metric_value": 0.8328837135414799
}