{
  "parent_accuracy": 0.9147379622239957,
  "parent_micro_precision": 0.9182532285980561,
  "parent_micro_recall": 0.9173982442138867,
  "parent_micro_f1": 0.9178255372945638,
  "parent_macro_precision": 0.9229643803617155,
  "parent_macro_recall": 0.9144294800102041,
  "parent_macro_f1": 0.9185737424116311,
  "child_accuracy": 0.800877893056664,
  "child_micro_precision": 0.859451862262825,
  "child_micro_recall": 0.8133812184091513,
  "child_micro_f1": 0.835782136267341,
  "child_macro_precision": 0.8549383015022587,
  "child_macro_recall": 0.801285889923033,
  "child_macro_f1": 0.8221444568905107,
  "parent_acc_argmax": 0.9172652301143921,
  "parent_micro_f1_argmax": 0.9172652301143921,
  "parent_micro_precision_argmax": 0.9172652301143921,
  "parent_micro_recall_argmax": 0.9172652301143921,
  "parent_macro_f1_argmax": 0.9179374881140386,
  "parent_macro_precision_argmax": 0.9214963341460903,
  "parent_macro_recall_argmax": 0.9146054719560208,
  "child_acc_argmax": 0.8270816706570897,
  "child_micro_f1_argmax": 0.8270816706570897,
  "child_micro_precision_argmax": 0.8270816706570897,
  "child_micro_recall_argmax": 0.8270816706570897,
  "child_macro_f1_argmax": 0.8144294359764395,
  "child_macro_precision_argmax": 0.824910810078692,
  "child_macro_recall_argmax": 0.8136989470638244,
  "overall_micro_f1": 0.8773514934933585,
  "overall_macro_f1": 0.8269317263844671,
  "overall_accuracy": 0.7958233572758713,
  "overall_micro_precision": 0.8896485710378778,
  "overall_micro_recall": 0.865389731311519,
  "overall_macro_precision": 0.8583154827222316,
  "overall_macro_recall": 0.806902947586935,
  "hierarchical_consistency": 0.9264432029795159,
  "training_mode_level_0_accuracy": 0.9147379622239957,
  "training_mode_level_0_precision": 0.9182532285980561,
  "training_mode_level_0_recall": 0.9173982442138867,
  "training_mode_level_0_micro_f1": 0.9178255372945638,
  "training_mode_level_0_macro_f1": 0.9185737424116311,
  "training_mode_level_0_macro_precision": 0.9229643803617155,
  "training_mode_level_0_macro_recall": 0.9144294800102041,
  "training_mode_level_0_avg_true_labels": 1.0,
  "training_mode_level_0_avg_pred_labels": 0.9990689013035382,
  "training_mode_level_1_accuracy": 0.800877893056664,
  "training_mode_level_1_precision": 0.859451862262825,
  "training_mode_level_1_recall": 0.8133812184091513,
  "training_mode_level_1_micro_f1": 0.835782136267341,
  "training_mode_level_1_macro_f1": 0.8221444568905107,
  "training_mode_level_1_macro_precision": 0.8549383015022587,
  "training_mode_level_1_macro_recall": 0.801285889923033,
  "training_mode_level_1_avg_true_labels": 1.0,
  "training_mode_level_1_avg_pred_labels": 0.9463953179036978,
  "training_mode_overall_accuracy": 0.7958233572758713,
  "training_mode_overall_precision": 0.8896485710378778,
  "training_mode_overall_recall": 0.865389731311519,
  "training_mode_overall_micro_f1": 0.8773514934933585,
  "training_mode_overall_macro_f1": 0.8269317263844671,
  "training_mode_overall_macro_precision": 0.8583154827222316,
  "training_mode_overall_macro_recall": 0.806902947586935,
  "training_mode_overall_avg_true_labels": 2.0,
  "training_mode_overall_avg_pred_labels": 1.945464219207236,
  "inference_mode_level_0_accuracy": 0.9147379622239957,
  "inference_mode_level_0_precision": 0.9182532285980561,
  "inference_mode_level_0_recall": 0.9173982442138867,
  "inference_mode_level_0_micro_f1": 0.9178255372945638,
  "inference_mode_level_0_macro_f1": 0.9185737424116311,
  "inference_mode_level_0_macro_precision": 0.9229643803617155,
  "inference_mode_level_0_macro_recall": 0.9144294800102041,
  "inference_mode_level_0_avg_true_labels": 1.0,
  "inference_mode_level_0_avg_pred_labels": 0.9990689013035382,
  "inference_mode_level_1_accuracy": 0.7984836392657622,
  "inference_mode_level_1_precision": 0.8611425339366516,
  "inference_mode_level_1_recall": 0.8100558659217877,
  "inference_mode_level_1_micro_f1": 0.8348183687457162,
  "inference_mode_level_1_macro_f1": 0.8213883982758244,
  "inference_mode_level_1_macro_precision": 0.8566332123897323,
  "inference_mode_level_1_macro_recall": 0.7983637707834186,
  "inference_mode_level_1_avg_true_labels": 1.0,
  "inference_mode_level_1_avg_pred_labels": 0.9406757116254323,
  "inference_mode_overall_accuracy": 0.7963554136738494,
  "inference_mode_overall_precision": 0.8905574984571076,
  "inference_mode_overall_recall": 0.8637270550678372,
  "inference_mode_overall_micro_f1": 0.8769371011850501,
  "inference_mode_overall_macro_f1": 0.8262132025946234,
  "inference_mode_overall_macro_precision": 0.8599262490975613,
  "inference_mode_overall_macro_recall": 0.8041258981918405,
  "inference_mode_overall_avg_true_labels": 2.0,
  "inference_mode_overall_avg_pred_labels": 1.9397446129289704,
  "unified_accuracy": 0.7947592444799149,
  "unified_precision": 0.8935628227194492,
  "unified_recall": 0.863194998669859,
  "unified_micro_f1": 0.8781164371976591,
  "unified_macro_f1": 0.8271424874781611,
  "unified_macro_precision": 0.8638340043877416,
  "unified_macro_recall": 0.8025045143096393,
  "unified_avg_true_labels": 2.0,
  "unified_avg_pred_labels": 1.9320297951582868,
  "eval_threshold": 0.5,
  "train_loss": 0.01456472756108269,
  "epoch": 8,
  "epoch_time": 182.57602643966675,
  "selection_metric": "unified_macro_f1",
  "selection_metric_value": 0.8271424874781611
}