{
  "parent_accuracy": 0.9110135674381484,
  "parent_micro_precision": 0.9136853304960766,
  "parent_micro_recall": 0.9138068635275339,
  "parent_micro_f1": 0.9137460929706723,
  "parent_macro_precision": 0.9148329705607786,
  "parent_macro_recall": 0.9138653778069218,
  "parent_macro_f1": 0.9141749700262635,
  "child_accuracy": 0.8000798084596967,
  "child_micro_precision": 0.856484069312465,
  "child_micro_recall": 0.815243415802075,
  "child_micro_f1": 0.8353550497478534,
  "child_macro_precision": 0.8508190404298648,
  "child_macro_recall": 0.8048879710521852,
  "child_macro_f1": 0.8224448267404952,
  "parent_acc_argmax": 0.9136738494280394,
  "parent_micro_f1_argmax": 0.9136738494280394,
  "parent_micro_precision_argmax": 0.9136738494280394,
  "parent_micro_recall_argmax": 0.9136738494280394,
  "parent_macro_f1_argmax": 0.914085817056565,
  "parent_macro_precision_argmax": 0.9150834885086606,
  "parent_macro_recall_argmax": 0.9134046098888409,
  "child_acc_argmax": 0.8256185155626496,
  "child_micro_f1_argmax": 0.8256185155626496,
  "child_micro_precision_argmax": 0.8256185155626496,
  "child_micro_recall_argmax": 0.8256185155626496,
  "child_macro_f1_argmax": 0.8151993033916172,
  "child_macro_precision_argmax": 0.8231997400028233,
  "child_macro_recall_argmax": 0.816181609144088,
  "overall_micro_f1": 0.8750294503719162,
  "overall_macro_f1": 0.8269988054851788,
  "overall_accuracy": 0.7936951316839586,
  "overall_micro_precision": 0.8857921635434413,
  "overall_micro_recall": 0.8645251396648045,
  "overall_macro_precision": 0.8539970369611867,
  "overall_macro_recall": 0.8102981969194417,
  "hierarchical_consistency": 0.9280393721734503,
  "training_mode_level_0_accuracy": 0.9110135674381484,
  "training_mode_level_0_precision": 0.9136853304960766,
  "training_mode_level_0_recall": 0.9138068635275339,
  "training_mode_level_0_micro_f1": 0.9137460929706723,
  "training_mode_level_0_macro_f1": 0.9141749700262635,
  "training_mode_level_0_macro_precision": 0.9148329705607786,
  "training_mode_level_0_macro_recall": 0.9138653778069218,
  "training_mode_level_0_avg_true_labels": 1.0,
  "training_mode_level_0_avg_pred_labels": 1.0001330140994946,
  "training_mode_level_1_accuracy": 0.8000798084596967,
  "training_mode_level_1_precision": 0.856484069312465,
  "training_mode_level_1_recall": 0.815243415802075,
  "training_mode_level_1_micro_f1": 0.8353550497478534,
  "training_mode_level_1_macro_f1": 0.8224448267404952,
  "training_mode_level_1_macro_precision": 0.8508190404298648,
  "training_mode_level_1_macro_recall": 0.8048879710521852,
  "training_mode_level_1_avg_true_labels": 1.0,
  "training_mode_level_1_avg_pred_labels": 0.9518488959829742,
  "training_mode_overall_accuracy": 0.7936951316839586,
  "training_mode_overall_precision": 0.8857921635434413,
  "training_mode_overall_recall": 0.8645251396648045,
  "training_mode_overall_micro_f1": 0.8750294503719162,
  "training_mode_overall_macro_f1": 0.8269988054851788,
  "training_mode_overall_macro_precision": 0.8539970369611867,
  "training_mode_overall_macro_recall": 0.8102981969194417,
  "training_mode_overall_avg_true_labels": 2.0,
  "training_mode_overall_avg_pred_labels": 1.9519819100824687,
  "inference_mode_level_0_accuracy": 0.9110135674381484,
  "inference_mode_level_0_precision": 0.9136853304960766,
  "inference_mode_level_0_recall": 0.9138068635275339,
  "inference_mode_level_0_micro_f1": 0.9137460929706723,
  "inference_mode_level_0_macro_f1": 0.9141749700262635,
  "inference_mode_level_0_macro_precision": 0.9148329705607786,
  "inference_mode_level_0_macro_recall": 0.9138653778069218,
  "inference_mode_level_0_avg_true_labels": 1.0,
  "inference_mode_level_0_avg_pred_labels": 1.0001330140994946,
  "inference_mode_level_1_accuracy": 0.7963554136738494,
  "inference_mode_level_1_precision": 0.858128078817734,
  "inference_mode_level_1_recall": 0.8109869646182495,
  "inference_mode_level_1_micro_f1": 0.8338918142651986,
  "inference_mode_level_1_macro_f1": 0.8207298990261755,
  "inference_mode_level_1_macro_precision": 0.8521273152485279,
  "inference_mode_level_1_macro_recall": 0.801175228375532,
  "inference_mode_level_1_avg_true_labels": 1.0,
  "inference_mode_level_1_avg_pred_labels": 0.9450651769087524,
  "inference_mode_overall_accuracy": 0.7940941739824421,
  "inference_mode_overall_precision": 0.8866931072210066,
  "inference_mode_overall_recall": 0.8623969140728918,
  "inference_mode_overall_micro_f1": 0.8743762643290627,
  "inference_mode_overall_macro_f1": 0.8253690160261798,
  "inference_mode_overall_macro_precision": 0.8552403619661573,
  "inference_mode_overall_macro_recall": 0.8067697748012038,
  "inference_mode_overall_avg_true_labels": 2.0,
  "inference_mode_overall_avg_pred_labels": 1.945198191008247,
  "eval_threshold": 0.5,
  "train_loss": 0.0049755711757399615,
  "epoch": 13,
  "epoch_time": 180.94398713111877,
  "selection_metric": "training_mode_overall_macro_f1",
  "selection_metric_value": 0.8269988054851788
}