{
  "parent_accuracy": 0.9172652301143921,
  "parent_micro_precision": 0.9201065246338216,
  "parent_micro_recall": 0.9191274275073158,
  "parent_micro_f1": 0.9196167154644663,
  "parent_macro_precision": 0.9228197693501526,
  "parent_macro_recall": 0.9175894392950663,
  "parent_macro_f1": 0.920010045774889,
  "child_accuracy": 0.8042032455440277,
  "child_micro_precision": 0.8522427440633246,
  "child_micro_recall": 0.8163075285980314,
  "child_micro_f1": 0.8338881717507983,
  "child_macro_precision": 0.8478223372593372,
  "child_macro_recall": 0.8061018007677441,
  "child_macro_f1": 0.8228487223113672,
  "parent_acc_argmax": 0.9188613993083267,
  "parent_micro_f1_argmax": 0.9188613993083267,
  "parent_micro_precision_argmax": 0.9188613993083267,
  "parent_micro_recall_argmax": 0.9188613993083267,
  "parent_macro_f1_argmax": 0.9197987191934175,
  "parent_macro_precision_argmax": 0.922208114208021,
  "parent_macro_recall_argmax": 0.9177348511310697,
  "child_acc_argmax": 0.8266826283586061,
  "child_micro_f1_argmax": 0.8266826283586061,
  "child_micro_precision_argmax": 0.8266826283586061,
  "child_micro_recall_argmax": 0.8266826283586061,
  "child_macro_f1_argmax": 0.8188456169357642,
  "child_macro_precision_argmax": 0.8236597727003027,
  "child_macro_recall_argmax": 0.8195757222650766,
  "overall_micro_f1": 0.8771977006084647,
  "overall_macro_f1": 0.8276723341145207,
  "overall_accuracy": 0.8002128225591912,
  "overall_micro_precision": 0.8868873631976072,
  "overall_micro_recall": 0.8677174780526736,
  "overall_macro_precision": 0.8515456140298032,
  "overall_macro_recall": 0.8116366480705189,
  "hierarchical_consistency": 0.9392125565309923,
  "training_mode_level_0_accuracy": 0.9172652301143921,
  "training_mode_level_0_precision": 0.9201065246338216,
  "training_mode_level_0_recall": 0.9191274275073158,
  "training_mode_level_0_micro_f1": 0.9196167154644663,
  "training_mode_level_0_macro_f1": 0.920010045774889,
  "training_mode_level_0_macro_precision": 0.9228197693501526,
  "training_mode_level_0_macro_recall": 0.9175894392950663,
  "training_mode_level_0_avg_true_labels": 1.0,
  "training_mode_level_0_avg_pred_labels": 0.9989358872040436,
  "training_mode_level_1_accuracy": 0.8042032455440277,
  "training_mode_level_1_precision": 0.8522427440633246,
  "training_mode_level_1_recall": 0.8163075285980314,
  "training_mode_level_1_micro_f1": 0.8338881717507983,
  "training_mode_level_1_macro_f1": 0.8228487223113672,
  "training_mode_level_1_macro_precision": 0.8478223372593372,
  "training_mode_level_1_macro_recall": 0.8061018007677441,
  "training_mode_level_1_avg_true_labels": 1.0,
  "training_mode_level_1_avg_pred_labels": 0.9578345304602288,
  "training_mode_overall_accuracy": 0.8002128225591912,
  "training_mode_overall_precision": 0.8868873631976072,
  "training_mode_overall_recall": 0.8677174780526736,
  "training_mode_overall_micro_f1": 0.8771977006084647,
  "training_mode_overall_macro_f1": 0.8276723341145207,
  "training_mode_overall_macro_precision": 0.8515456140298032,
  "training_mode_overall_macro_recall": 0.8116366480705189,
  "training_mode_overall_avg_true_labels": 2.0,
  "training_mode_overall_avg_pred_labels": 1.9567704176642724,
  "inference_mode_level_0_accuracy": 0.9172652301143921,
  "inference_mode_level_0_precision": 0.9201065246338216,
  "inference_mode_level_0_recall": 0.9191274275073158,
  "inference_mode_level_0_micro_f1": 0.9196167154644663,
  "inference_mode_level_0_macro_f1": 0.920010045774889,
  "inference_mode_level_0_macro_precision": 0.9228197693501526,
  "inference_mode_level_0_macro_recall": 0.9175894392950663,
  "inference_mode_level_0_avg_true_labels": 1.0,
  "inference_mode_level_0_avg_pred_labels": 0.9989358872040436,
  "inference_mode_level_1_accuracy": 0.8020750199521149,
  "inference_mode_level_1_precision": 0.8536108395027239,
  "inference_mode_level_1_recall": 0.8128491620111732,
  "inference_mode_level_1_micro_f1": 0.8327314846358248,
  "inference_mode_level_1_macro_f1": 0.8218069820360153,
  "inference_mode_level_1_macro_precision": 0.8490983946205107,
  "inference_mode_level_1_macro_recall": 0.8030572298241022,
  "inference_mode_level_1_avg_true_labels": 1.0,
  "inference_mode_level_1_avg_pred_labels": 0.9522479382814578,
  "inference_mode_overall_accuracy": 0.8006118648576749,
  "inference_mode_overall_precision": 0.8876542368259595,
  "inference_mode_overall_recall": 0.8659882947592444,
  "inference_mode_overall_micro_f1": 0.8766874263591988,
  "inference_mode_overall_macro_f1": 0.8266823114414913,
  "inference_mode_overall_macro_precision": 0.8527583210255283,
  "inference_mode_overall_macro_recall": 0.808743226038973,
  "inference_mode_overall_avg_true_labels": 2.0,
  "inference_mode_overall_avg_pred_labels": 1.9511838254855014,
  "unified_accuracy": 0.8010109071561585,
  "unified_precision": 0.8864331859911595,
  "unified_recall": 0.8669193934557063,
  "unified_micro_f1": 0.8765677011532901,
  "unified_macro_f1": 0.8267101286587158,
  "unified_macro_precision": 0.8521325312527598,
  "unified_macro_recall": 0.8097678012635816,
  "unified_avg_true_labels": 2.0,
  "unified_avg_pred_labels": 1.9559723330673051,
  "eval_threshold": 0.5,
  "train_loss": 0.004844938157258823,
  "epoch": 14,
  "epoch_time": 181.57001376152039,
  "selection_metric": "unified_macro_f1",
  "selection_metric_value": 0.8267101286587158
}