{
  "parent_accuracy": 0.9175312583133812,
  "parent_micro_precision": 0.9193934557063048,
  "parent_micro_recall": 0.9193934557063048,
  "parent_micro_f1": 0.9193934557063048,
  "parent_macro_precision": 0.9192503790449311,
  "parent_macro_recall": 0.9204483838827382,
  "parent_macro_f1": 0.9197383954417813,
  "child_accuracy": 0.8119180633147114,
  "child_micro_precision": 0.8562508672124324,
  "child_micro_recall": 0.8208300079808459,
  "child_micro_f1": 0.8381663837011885,
  "child_macro_precision": 0.8509517191562403,
  "child_macro_recall": 0.8096913350124942,
  "child_macro_f1": 0.8256976921617156,
  "parent_acc_argmax": 0.9193934557063048,
  "parent_micro_f1_argmax": 0.9193934557063048,
  "parent_micro_precision_argmax": 0.9193934557063048,
  "parent_micro_recall_argmax": 0.9193934557063048,
  "parent_macro_f1_argmax": 0.9197058698558908,
  "parent_macro_precision_argmax": 0.9190927222853821,
  "parent_macro_recall_argmax": 0.9205167272506697,
  "child_acc_argmax": 0.828145783453046,
  "child_micro_f1_argmax": 0.828145783453046,
  "child_micro_precision_argmax": 0.828145783453046,
  "child_micro_recall_argmax": 0.828145783453046,
  "child_macro_f1_argmax": 0.817150865939719,
  "child_macro_precision_argmax": 0.8265319962452914,
  "child_macro_recall_argmax": 0.8158061589622758,
  "overall_micro_f1": 0.8792043278115654,
  "overall_macro_f1": 0.8303663795585982,
  "overall_accuracy": 0.8077946262303805,
  "overall_micro_precision": 0.8884889643463497,
  "overall_micro_recall": 0.8701117318435754,
  "overall_macro_precision": 0.8543424327677355,
  "overall_macro_recall": 0.8151899119067616,
  "hierarchical_consistency": 0.9438680500133014,
  "training_mode_level_0_accuracy": 0.9175312583133812,
  "training_mode_level_0_precision": 0.9193934557063048,
  "training_mode_level_0_recall": 0.9193934557063048,
  "training_mode_level_0_micro_f1": 0.9193934557063048,
  "training_mode_level_0_macro_f1": 0.9197383954417813,
  "training_mode_level_0_macro_precision": 0.9192503790449311,
  "training_mode_level_0_macro_recall": 0.9204483838827382,
  "training_mode_level_0_avg_true_labels": 1.0,
  "training_mode_level_0_avg_pred_labels": 1.0,
  "training_mode_level_1_accuracy": 0.8119180633147114,
  "training_mode_level_1_precision": 0.8562508672124324,
  "training_mode_level_1_recall": 0.8208300079808459,
  "training_mode_level_1_micro_f1": 0.8381663837011885,
  "training_mode_level_1_macro_f1": 0.8256976921617156,
  "training_mode_level_1_macro_precision": 0.8509517191562403,
  "training_mode_level_1_macro_recall": 0.8096913350124942,
  "training_mode_level_1_avg_true_labels": 1.0,
  "training_mode_level_1_avg_pred_labels": 0.9586326150571961,
  "training_mode_overall_accuracy": 0.8077946262303805,
  "training_mode_overall_precision": 0.8884889643463497,
  "training_mode_overall_recall": 0.8701117318435754,
  "training_mode_overall_micro_f1": 0.8792043278115654,
  "training_mode_overall_macro_f1": 0.8303663795585982,
  "training_mode_overall_macro_precision": 0.8543424327677355,
  "training_mode_overall_macro_recall": 0.8151899119067616,
  "training_mode_overall_avg_true_labels": 2.0,
  "training_mode_overall_avg_pred_labels": 1.958632615057196,
  "inference_mode_level_0_accuracy": 0.9175312583133812,
  "inference_mode_level_0_precision": 0.9193934557063048,
  "inference_mode_level_0_recall": 0.9193934557063048,
  "inference_mode_level_0_micro_f1": 0.9193934557063048,
  "inference_mode_level_0_macro_f1": 0.9197383954417813,
  "inference_mode_level_0_macro_precision": 0.9192503790449311,
  "inference_mode_level_0_macro_recall": 0.9204483838827382,
  "inference_mode_level_0_avg_true_labels": 1.0,
  "inference_mode_level_0_avg_pred_labels": 1.0,
  "inference_mode_level_1_accuracy": 0.8103218941207768,
  "inference_mode_level_1_precision": 0.8575212602816116,
  "inference_mode_level_1_recall": 0.818169725990955,
  "inference_mode_level_1_micro_f1": 0.8373834320332176,
  "inference_mode_level_1_macro_f1": 0.8245714153351755,
  "inference_mode_level_1_macro_precision": 0.8517943005838681,
  "inference_mode_level_1_macro_recall": 0.806784834923471,
  "inference_mode_level_1_avg_true_labels": 1.0,
  "inference_mode_level_1_avg_pred_labels": 0.9541101356743815,
  "inference_mode_overall_accuracy": 0.8083266826283586,
  "inference_mode_overall_precision": 0.8891838540603091,
  "inference_mode_overall_recall": 0.8687815908486299,
  "inference_mode_overall_micro_f1": 0.8788643320886736,
  "inference_mode_overall_macro_f1": 0.8292960171844398,
  "inference_mode_overall_macro_precision": 0.8551431839117222,
  "inference_mode_overall_macro_recall": 0.8124277061483993,
  "inference_mode_overall_avg_true_labels": 2.0,
  "inference_mode_overall_avg_pred_labels": 1.9541101356743815,
  "unified_accuracy": 0.8075285980313913,
  "unified_precision": 0.8905398037077427,
  "unified_recall": 0.8689811119978718,
  "unified_micro_f1": 0.8796283829271576,
  "unified_macro_f1": 0.8306295426215524,
  "unified_macro_precision": 0.8562284797029253,
  "unified_macro_recall": 0.813621453496678,
  "unified_avg_true_labels": 2.0,
  "unified_avg_pred_labels": 1.951582867783985,
  "eval_threshold": 0.5,
  "train_loss": 0.005995686397054282,
  "epoch": 14,
  "epoch_time": 183.53843188285828,
  "selection_metric": "unified_macro_f1",
  "selection_metric_value": 0.8306295426215524
}