{
  "parent_accuracy": 0.9159350891194467,
  "parent_micro_precision": 0.918408092639425,
  "parent_micro_recall": 0.9177972865123704,
  "parent_micro_f1": 0.9181025879848314,
  "parent_macro_precision": 0.9218889598062991,
  "parent_macro_recall": 0.9156795004914857,
  "parent_macro_f1": 0.9186809276311872,
  "child_accuracy": 0.8055333865389731,
  "child_micro_precision": 0.8571229245151388,
  "child_micro_recall": 0.8171056131949986,
  "child_micro_f1": 0.8366360231528771,
  "child_macro_precision": 0.8543741499083151,
  "child_macro_recall": 0.8108379542361916,
  "child_macro_f1": 0.8287033968694444,
  "parent_acc_argmax": 0.9176642724128757,
  "parent_micro_f1_argmax": 0.9176642724128757,
  "parent_micro_precision_argmax": 0.9176642724128757,
  "parent_micro_recall_argmax": 0.9176642724128757,
  "parent_macro_f1_argmax": 0.9180873536349419,
  "parent_macro_precision_argmax": 0.9209993654529514,
  "parent_macro_recall_argmax": 0.9153733234688933,
  "child_acc_argmax": 0.8280127693535515,
  "child_micro_f1_argmax": 0.8280127693535515,
  "child_micro_precision_argmax": 0.8280127693535515,
  "child_micro_recall_argmax": 0.8280127693535515,
  "child_macro_f1_argmax": 0.8209799019043252,
  "child_macro_precision_argmax": 0.8270108274062674,
  "child_macro_recall_argmax": 0.8209873488472033,
  "overall_micro_f1": 0.8778435859469645,
  "overall_macro_f1": 0.8331703664817295,
  "overall_accuracy": 0.8019420058526204,
  "overall_micro_precision": 0.8884877384196185,
  "overall_micro_recall": 0.8674514498536845,
  "overall_macro_precision": 0.8577259489812646,
  "overall_macro_recall": 0.8160428536956744,
  "hierarchical_consistency": 0.9361532322426177,
  "training_mode_level_0_accuracy": 0.9159350891194467,
  "training_mode_level_0_precision": 0.918408092639425,
  "training_mode_level_0_recall": 0.9177972865123704,
  "training_mode_level_0_micro_f1": 0.9181025879848314,
  "training_mode_level_0_macro_f1": 0.9186809276311872,
  "training_mode_level_0_macro_precision": 0.9218889598062991,
  "training_mode_level_0_macro_recall": 0.9156795004914857,
  "training_mode_level_0_avg_true_labels": 1.0,
  "training_mode_level_0_avg_pred_labels": 0.9993349295025272,
  "training_mode_level_1_accuracy": 0.8055333865389731,
  "training_mode_level_1_precision": 0.8571229245151388,
  "training_mode_level_1_recall": 0.8171056131949986,
  "training_mode_level_1_micro_f1": 0.8366360231528771,
  "training_mode_level_1_macro_f1": 0.8287033968694444,
  "training_mode_level_1_macro_precision": 0.8543741499083151,
  "training_mode_level_1_macro_recall": 0.8108379542361916,
  "training_mode_level_1_avg_true_labels": 1.0,
  "training_mode_level_1_avg_pred_labels": 0.9533120510774142,
  "training_mode_overall_accuracy": 0.8019420058526204,
  "training_mode_overall_precision": 0.8884877384196185,
  "training_mode_overall_recall": 0.8674514498536845,
  "training_mode_overall_micro_f1": 0.8778435859469645,
  "training_mode_overall_macro_f1": 0.8331703664817295,
  "training_mode_overall_macro_precision": 0.8577259489812646,
  "training_mode_overall_macro_recall": 0.8160428536956744,
  "training_mode_overall_avg_true_labels": 2.0,
  "training_mode_overall_avg_pred_labels": 1.9526469805799416,
  "inference_mode_level_0_accuracy": 0.9159350891194467,
  "inference_mode_level_0_precision": 0.918408092639425,
  "inference_mode_level_0_recall": 0.9177972865123704,
  "inference_mode_level_0_micro_f1": 0.9181025879848314,
  "inference_mode_level_0_macro_f1": 0.9186809276311872,
  "inference_mode_level_0_macro_precision": 0.9218889598062991,
  "inference_mode_level_0_macro_recall": 0.9156795004914857,
  "inference_mode_level_0_avg_true_labels": 1.0,
  "inference_mode_level_0_avg_pred_labels": 0.9993349295025272,
  "inference_mode_level_1_accuracy": 0.8043362596435222,
  "inference_mode_level_1_precision": 0.8590877192982456,
  "inference_mode_level_1_recall": 0.8141793030061186,
  "inference_mode_level_1_micro_f1": 0.8360308679915318,
  "inference_mode_level_1_macro_f1": 0.8280516142920668,
  "inference_mode_level_1_macro_precision": 0.8559630367963262,
  "inference_mode_level_1_macro_recall": 0.8082762057532966,
  "inference_mode_level_1_avg_true_labels": 1.0,
  "inference_mode_level_1_avg_pred_labels": 0.9477254588986432,
  "inference_mode_overall_accuracy": 0.8028731045490822,
  "inference_mode_overall_precision": 0.8895340893564695,
  "inference_mode_overall_recall": 0.8659882947592444,
  "inference_mode_overall_micro_f1": 0.8776032890746107,
  "inference_mode_overall_macro_f1": 0.8325509419046473,
  "inference_mode_overall_macro_precision": 0.8592359549599419,
  "inference_mode_overall_macro_recall": 0.8136082842154763,
  "inference_mode_overall_avg_true_labels": 2.0,
  "inference_mode_overall_avg_pred_labels": 1.9470603884011706,
  "unified_accuracy": 0.8028731045490822,
  "unified_precision": 0.88585776330076,
  "unified_recall": 0.8681830274009045,
  "unified_micro_f1": 0.8769313448878141,
  "unified_macro_f1": 0.8318378966577906,
  "unified_macro_precision": 0.8549210715457345,
  "unified_macro_recall": 0.8165482245702937,
  "unified_avg_true_labels": 2.0,
  "unified_avg_pred_labels": 1.9600957701516362,
  "eval_threshold": 0.5,
  "train_loss": 0.007481501146499563,
  "epoch": 12,
  "epoch_time": 182.09746766090393,
  "selection_metric": "unified_macro_f1",
  "selection_metric_value": 0.8318378966577906
}